<?xml version="1.0" encoding="UTF-8" ?>
<!DOCTYPE mapper
        PUBLIC "-//mybatis.org//DTD Mapper 3.0//EN"
        "http://mybatis.org/dtd/mybatis-3-mapper.dtd">
<mapper namespace="com.shu.mybatis.mapper.PersonMapper">
    <!--
    namespace:名称空间，指定为接口的全类名
    id：唯一标识
    resultType：返回值类型
    #{id}：从传递过来的参数中取出id值

    Employee getEmpById(int id);
     -->
    <select id="getPersonById" resultType="com.shu.mybatis.entity.Person">
        select *
        from test_ly
        where id = #{id}
    </select>

    <insert id="insertOnePerson" parameterType="com.shu.mybatis.entity.Person">
        insert into test_ly(id, name, age) values (#{id}, #{name}, #{age})
    </insert>

    <update id="updatePerson" parameterType="com.shu.mybatis.entity.Person">
        update test_ly set name=#{name}, age=#{age} where id=#{id}
    </update>

    <delete id="delPersonById">
        delete from test_ly where id = #{id}
    </delete>
</mapper>
